,patient_id,1_haplotype,1_enzymatic_activity,1_allele,1_score,2_haplotype,2_enzymatic_activity,2_allele,2_score,total_score,phenotype
0,67,GGGCCCCGC,Normal function,*1/*1xN,1.0,GAGCCCTCC,Decreased function,*41,0.5,1.5,gNM-F
1,68,GGGCCGTCC,Normal function,*2A/*35/*2xN,1.0,AGGTCCCCC,No function,*4/*4x2,0.0,1.0,gNM-S
2,69,GGGCCCCGC,Normal function,*1/*1xN,1.0,GGGCCGTCC,Normal function,*2A/*35/*2xN,1.0,2.0,gNM-F
3,70,GGGCCCCGC,Normal function,*1/*1xN,1.0,AGGTCCCCC,No function,*4/*4x2,0.0,1.0,gNM-S
4,71,GGGCCCCGC,Normal function,*1/*1xN,1.0,AGGTCCCCC,No function,*4/*4x2,0.0,1.0,gNM-S
5,72,GGGCCCTCC,Normal function,*2D/2xN,1.0,GGACCCTCC,Decreased function,*29,0.5,1.5,gNM-F
6,73,GGGCCGTCC,Normal function,*2A/*35/*2xN,1.0,GGGCCGTCC,Normal function,*2A/*35/*2xN,1.0,2.0,gNM-F
7,75,GGGCCGTCC,Normal function,*2A/*35/*2xN,1.0,GGGCTCTCC,Decreased function,*17/*17xN,0.5,1.5,gNM-F
8,76,GGGCCCCGC,Normal function,*1/*1xN,1.0,GGGCCGTCC,Normal function,*2A/*35/*2xN,1.0,2.0,gNM-F
9,78,GGGCCCCGC,Normal function,*1/*1xN,1.0,GGGCCCCGC,Normal function,*1/*1xN,1.0,2.0,gNM-F
10,79,GGGCCGTCC,Normal function,*2A/*35/*2xN,1.0,GGGCCGTCC,Normal function,*2A/*35/*2xN,1.0,2.0,gNM-F
11,80,GGGCCCCGC,Normal function,*1/*1xN,1.0,GGGCCCCGC,Normal function,*1/*1xN,1.0,2.0,gNM-F
12,81,GGGCCCTCC,Normal function,*2D/2xN,1.0,GGGCTCTCC,Decreased function,*17/*17xN,0.5,1.5,gNM-F
13,82,GGGCCCCGC,Normal function,*1/*1xN,1.0,GGGCCGTCC,Normal function,*2A/*35/*2xN,1.0,2.0,gNM-F
14,83,GGGCTCTCC,Decreased function,*17/*17xN,0.5,GGGTCCCCC,Decreased function,*10/*10x2,0.25,0.75,-
15,84,GGGCCCCGC,Normal function,*1/*1xN,1.0,AGGTCCCCC,No function,*4/*4x2,0.0,1.0,gNM-S
16,85,GGGCCCCGC,Normal function,*1/*1xN,1.0,GGGCCCCGC,Normal function,*1/*1xN,1.0,2.0,gNM-F
17,86,GGGCCCCGC,Normal function,*1/*1xN,1.0,GGGCCCCGC,Normal function,*1/*1xN,1.0,2.0,gNM-F
18,88,GGGCCCCGC,Normal function,*1/*1xN,1.0,,,,,,-
19,89,GGGCCGTCC,Normal function,*2A/*35/*2xN,1.0,AGGTCCCCC,No function,*4/*4x2,0.0,1.0,gNM-S
20,90,GGGCCCCGC,Normal function,*1/*1xN,1.0,GGGCCCCGC,Normal function,*1/*1xN,1.0,2.0,gNM-F
21,92,GGGCCCCGC,Normal function,*1/*1xN,1.0,GGGCCGTCC,Normal function,*2A/*35/*2xN,1.0,2.0,gNM-F
22,93,AGGTCCCCC,No function,*4/*4x2,0.0,AGGTCCCCC,No function,*4/*4x2,0.0,0.0,gPM
23,94,GGGCCCCGC,Normal function,*1/*1xN,1.0,GGGTCCCCC,Decreased function,*10/*10x2,0.25,1.25,gNM-S
24,96,GGGCCCCGA,Decreased function,*9,0.5,AGGTCCCCC,No function,*4/*4x2,0.0,0.5,gIM
25,97,GGGCCGTCC,Normal function,*2A/*35/*2xN,1.0,GGGCCGTCC,Normal function,*2A/*35/*2xN,1.0,2.0,gNM-F
26,98,GGGCCGTCC,Normal function,*2A/*35/*2xN,1.0,GGGCCGTCC,Normal function,*2A/*35/*2xN,1.0,2.0,gNM-F
27,101,GGGCCGTCC,Normal function,*2A/*35/*2xN,1.0,AGGTCCCCC,No function,*4/*4x2,0.0,1.0,gNM-S
28,102,GGGCCCCGC,Normal function,*1/*1xN,1.0,GGGCCCTCC,Normal function,*2D/2xN,1.0,2.0,gNM-F
29,103,GGGCCCCGC,Normal function,*1/*1xN,1.0,GGGCCCTCC,Normal function,*2D/2xN,1.0,2.0,gNM-F
