#,ID,Haplotype #1,Allele Functional #1,Allele #1,Activity Value #1,Haplotype #2,Allele Functional #2,Allele #2,Activity Value #2,Activity Score,Phenotype
0,1,CCCCAGTCCGGG,Normal,*1,1.0,CCTCAGTCCGGC,Decreased,*10,0.25,1.25,gNM
1,10,GCCCAGTCTGGC,Normal,*2,1.0,GCCCAGTCTGGC,Normal,*2,1.0,2.0,gNM
2,11,GTCCAGTCTGGC,Normal,*35,1.0,GTCCAGTCTGGC,Normal,*35,1.0,2.0,gNM
3,12,CCCCAGTCCGGG,Normal,*1,1.0,CCCCCGTCCGGG,No function,*6,0.0,1.0,gIM
4,13,CCCCAGTCTAGC,Decreased,*41,0.25,CCCCAGTCTAGC,Decreased,*41,0.25,0.5,gIM
5,14,CCCCAGTCCGGG,Normal,*1,1.0,CCCCAGACCGGG,No function,*3,0.0,1.0,gIM
6,15,GCCCAGTCTGGC,Normal,*2,1.0,GCCCAGTCTGGC,Normal,*2,1.0,2.0,gNM
7,16,CCTCAGTCCGGC,Decreased,*10,0.25,GCCCAGTCTGGC,Normal,*2,1.0,1.25,gNM
8,17,CCCCAGTCCGGG,Normal,*1,1.0,GTCCAGTCTGGC,Normal,*35,1.0,2.0,gNM
9,18,GCCCAGTCTGGC,Normal,*2,1.0,GCCCAGTCTGGC,Normal,*2,1.0,2.0,gNM
10,19,CCTCAATCCGGC,No function,*4,0.0,CCTCAATCCGGC,No function,*4,0.0,0.0,gPM
11,2,CCCCAGTCCGGG,Normal,*1,1.0,GCCCAGTCTGGC,Normal,*2,1.0,2.0,gNM
12,20,CCCCCGTCCGGG,No function,*6,0.0,CCTCAATCCGGC,No function,*4,0.0,0.0,gPM
13,3,CCCCAGTCCGGG,Normal,*1,1.0,CCTCAATCCGGC,No function,*4,0.0,1.0,gIM
14,4,CCCTAGTCTGGC,Decreased,*17,0.5,GCCCAGTCTGGC,Normal,*2,1.0,1.5,gNM
15,5,CCCTAGTCTGGC,Decreased,*17,0.5,CCCTAGTCTGGC,Decreased,*17,0.5,1.0,gIM
16,6,CCCCAGTCTAGC,Decreased,*41,0.25,CCTCAATCCGGC,No function,*4,0.0,0.25,gIM
17,7,CCCCCGTCCGGG,No function,*6,0.0,GCCCAGTCTGGC,Normal,*2,1.0,1.0,gIM
18,8,CCCCAGTCCGGG,Normal,*1,1.0,CCCCAGTCCGGG,Normal,*1,1.0,2.0,gNM
19,9,CCCTAGTCTGGC,Decreased,*17,0.5,GTCCAGTCTGGC,Normal,*35,1.0,1.5,gNM
